spA,spB,species_status_NG,popphyl,taxonomy1,taxonomy2,habitat,propagule_size,longevity,sxB_avg,sxB_std,ss_avg,ss_std,Wald_avg,Wald_std,piA_avg,piA_std,piB_avg,piB_std,thetaA_avg,thetaA_std,thetaB_avg,thetaB_std,DtajA_avg,DtajA_std,DtajB_avg,DtajB_std,divAB_avg,divAB_std,netdivAB_avg,netdivAB_std,FST_avg,FST_std,corr_pi,pSIv1_MHetero_NHetero,pSIv2_Mhetero_Nhetero,pIMHomov1_Mhetero_Nhetero,pIMHomov2_Mhetero_Nhetero,pIMHeterov1_Mhetero_Nhetero,pIMHeterov2_Mhetero_Nhetero,pAMHomov1_Mhetero_Nhetero,pAMHomov2_Mhetero_Nhetero,pAMHeterov1_Mhetero_Nhetero,pAMHeterov2_Mhetero_Nhetero,pSCHomov1_Mhetero_Nhetero,pSCHomov2_Mhetero_Nhetero,pSCHeterov1_Mhetero_Nhetero,pSCHeterov2_Mhetero_Nhetero,pPanmixiav1_Mhetero_Nhetero,pPanmixiav2_Mhetero_Nhetero,Pongoing_migration_Mhetero_Nhetero,pSIv1_MHetero_NHomo,pIMHomov1_Mhetero_Nhomo,pIMHeterov1_Mhetero_Nhomo,pAMHomov1_Mhetero_Nhomo,pAMHeterov1_Mhetero_Nhomo,pSCHomov1_Mhetero_Nhomo,pSCHeterov1_Mhetero_Nhomo,pPanmixiav1_Mhetero_Nhomo,Pongoing_migration_Mhetero_Nhomo,pSIv1_MHomo_NHetero,pSIv2_Mhomo_Nhetero,pIMHomov1_Mhomo_Nhetero,pIMHomov2_Mhomo_Nhetero,pAMHomov1_Mhomo_Nhetero,pAMHomov2_Mhomo_Nhetero,pSCHomov1_Mhomo_Nhetero,pSCHomov2_Mhomo_Nhetero,pPanmixiav1_Mhomo_Nhetero,pPanmixiav2_Mhomo_Nhetero,Pongoing_migration_Mhomo_Nhetero,pSIv1_MHomo_NHomo,pIMHomov1_Mhomo_Nhomo,pAMHomov1_Mhomo_Nhomo,pSCHomov1_Mhomo_Nhomo,pPanmixiav1_Mhomo_Nhomo,Pongoing_migration_Mhomo_Nhomo
Abatus_cordatus,Abatus_agassizi,1,1,invertebrate,echinodermata,marine,0.2,NA,1.513000,2.122000,0.037000,0.287000,-8.303000,3.472000,0.003810,0.006516,0.007445,0.010987,0.003826,0.006646,0.007517,0.011112,0.033281,0.710388,-0.033201,0.726203,0.044600,0.091612,0.038973,0.092006,0.696860,0.284429,0.193302,0.00236,0.04326,0.00083,0.00067,0.0629,0.04932,0.21477,0.12946,0.18441,0.13583,6.00E-005,0.00161,0.08821,0.08625,3.00E-005,3.00E-005,0.28991,0.00122,0.00051,0.06131,0.5023,0.33857,0.00087,0.09522,0,0.15791,0.00088,0.24517,0.00757,0.02266,0.24138,0.46383,0.00088,0.01588,0.00088,0.00088,0.04875,0.0127,0.00555,0.96917,0.01257,1.00E-005,0.01813
Abatus_cordatusHTE,Abatus_cordatusHAL,0,1,invertebrate,echinodermata,marine,0.2,NA,0.991000,1.057000,0.586000,0.879000,-9.000000,0.000000,0.009001,0.008909,0.007740,0.008967,0.008944,0.008282,0.007928,0.009473,-0.098126,0.825527,-0.008844,0.879418,0.009321,0.007244,0.000951,0.002963,0.065795,0.149604,0.190932,0.00699,0.01041,0.29343,0.10099,0.06002,0.05538,0.02494,0.018,0.00543,0.00916,0.23769,0.08218,0.05162,0.0437,5.00E-005,1.00E-005,0.92507,0.00653,0.4291,0.1027,0.02535,0.00576,0.34251,0.08745,0.00059,0.96235,0.00132,0.01357,0.38749,0.0716,0.02446,0.01873,0.31536,0.16689,0.00012,0.00045,0.94191,0.0022,0.63631,0.04023,0.32113,0.00012,0.95756
Allolobophora_L2a,Allolobophora_L2bESP,0,1,invertebrate,annelida,continental,0.0238,1.25,3.040000,3.888000,0.455000,1.103000,-7.033000,5.717000,0.035243,0.029437,0.027310,0.029181,0.035115,0.028969,0.026960,0.028446,0.010333,0.794642,0.052248,0.869437,0.080504,0.037265,0.049228,0.033348,0.485051,0.259254,0.209879,6.00E-005,0.00029,0,3.00E-005,0,0.00056,3.00E-004,0.71852,0.00079,0.27899,0,1.00E-004,1.00E-005,0.00034,0,0,0.00104,0.05592,3.00E-005,0.00205,0.40711,0.53272,1.00E-004,0.00207,0,0.00425,0.02982,0.005,6.00E-005,6.00E-005,0.05983,0.90498,6.00E-005,6.00E-005,6.00E-005,6.00E-005,0.00036,0.35997,0.00013,0.63577,0.004,0.00013,0.00426
Allolobophora_L2bESP,Allolobophora_L1,0,1,invertebrate,annelida,continental,0.0238,1.25,5.070000,5.435000,0.542000,1.191000,-6.892000,6.012000,0.025785,0.028380,0.043098,0.032044,0.025546,0.027799,0.043401,0.032068,0.035781,0.860537,-0.079911,0.722981,0.088839,0.069224,0.054397,0.067129,0.459488,0.252852,0.239234,0.01057,0.00518,1.00E-005,3.00E-005,0.00069,0.00044,0.29175,0.47,0.12809,0.0911,3.00E-005,0.00027,0.00117,0.00066,0,0,0.0033,0.00589,2.00E-004,0.02296,0.3504,0.60052,0.00022,0.0198,0,0.04318,0.02869,0.01857,0.00021,0.00021,0.3671,0.5835,0.00021,0.0011,0.00021,0.00021,0.00215,0.00537,1.00E-005,0.9946,1.00E-005,1.00E-005,3.00E-005
Anas_crecca_Adak,Anas_crecca_Attu,0.5,0,vertebrate,sauropsida,continental,NA,NA,2.000000,1.673000,9.667000,12.307000,-9.000000,0.000000,0.008713,0.012036,0.007365,0.009547,0.009923,0.010911,0.008570,0.009378,-0.692861,0.826079,-0.720057,0.599920,0.008102,0.010766,0.000062,0.000156,-0.011542,0.038029,0.996051,0,0.001,0.00016,0.00295,1.00E-005,0.00038,0,0.00025,0,0.00013,0.00015,0.00263,1.00E-005,0.00058,0.00138,0.99037,0.99862,0.00029,0.00372,0.00047,0.00028,0.00016,0.00773,0.00083,0.98652,0.99927,5.00E-005,9.00E-005,8.00E-005,0.0021,5.00E-005,5.00E-005,7.00E-005,0.00247,0.00117,0.99388,0.99977,2.00E-005,5.00E-005,2.00E-005,0.00026,0.99965,0.99996
Anas_crecca_Shemya,Anas_crecca_Adak,0.5,0,vertebrate,sauropsida,continental,NA,NA,2.167000,1.722000,10.000000,12.617000,-9.000000,0.000000,0.009339,0.012617,0.008712,0.012036,0.012896,0.012892,0.009921,0.010912,-1.352051,0.598918,-0.692861,0.826079,0.009100,0.012202,0.000075,0.000256,-0.007101,0.068850,0.995447,8.00E-005,0.01868,0.00016,0.03998,6.00E-005,0.01854,6.00E-005,0.01335,0.00019,0.01171,0.00011,0.04488,7.00E-005,0.01633,0.00416,0.83164,0.95593,0.00176,0.00907,0.00151,0.0013,0.00184,0.01026,0.00142,0.97284,0.9951,0.00053,0.00398,0.00053,0.00644,0.00053,0.00376,0.00053,0.76354,0.01191,0.20826,0.99121,0.00029,0.00514,0.00057,0.00383,0.99017,0.99914
Anas_crecca_Shemya,Anas_crecca_Attu,0.5,0,vertebrate,sauropsida,continental,NA,NA,2.000000,1.265000,9.667000,12.193000,-9.000000,0.000000,0.009469,0.012927,0.007623,0.010154,0.012894,0.012892,0.008568,0.009379,-1.337763,0.630472,-0.687386,0.642411,0.008895,0.012267,0.000349,0.000741,-0.070209,0.143405,0.998159,0.00023,0.04126,0.00026,0.17062,0.00022,0.03411,0.00011,0.0443,8.00E-005,0.05569,0.00081,0.19199,8.00E-005,0.03283,0.00037,0.42705,0.85834,0.01736,0.06488,0.01362,0.01016,0.0055,0.16612,0.01397,0.70839,0.96698,0.00082,0.04189,0.0034,0.06745,0.00058,0.00058,0.00058,0.81601,0.00469,0.06399,0.95612,0.00875,0.03601,0.00142,0.02618,0.92765,0.98984
Armadillidium_vulgareAM,Armadillidium_vulgareEU,0,1,invertebrate,crustacea,continental,0.12,3.42,3.107000,4.143000,2.183000,3.241000,-8.950000,1.016000,0.020459,0.019005,0.023684,0.019247,0.020599,0.018829,0.023260,0.018672,-0.077993,0.800740,0.162865,0.959633,0.025945,0.018331,0.003873,0.008917,0.087708,0.165695,0.406127,0.00316,0.00423,0.00921,0.03035,0.25654,0.28767,0.01597,0.02108,0.00512,0.0118,0.00494,0.01531,0.17205,0.16256,1.00E-005,1.00E-005,0.93865,0.00215,0.01198,0.5772,0.02639,0.01082,0.00667,0.36478,1.00E-005,0.96064,0.05312,0.01852,0.17432,0.08469,0.33627,0.16302,0.10462,0.06491,0.00026,0.00026,0.42906,0.03805,0.13347,0.70886,0.1194,0.00022,0.25309
Armadillidium_vulgare,Armadillidium_nasatum,1,1,invertebrate,crustacea,continental,0.12,3.42,4.398000,5.430000,0.168000,0.463000,1.646000,12.882000,0.019790,0.019433,0.020124,0.018845,0.019475,0.018817,0.020074,0.018553,NA,NA,NA,NA,0.115923,0.090175,0.095966,0.088078,0.711165,0.191813,0.298823,0.01254,0.01527,0,1.00E-005,2.00E-004,1.00E-004,0.33532,0.18486,0.36794,0.08345,0,3.00E-005,7.00E-005,2.00E-004,0,0,0.00061,0.00203,6.00E-005,0.00998,0.16405,0.81586,2.00E-005,0.008,0,0.01806,0.00459,0.02303,0.00017,0.00017,0.88281,0.08857,0.00017,0.00017,0.00017,0.00017,0.00102,0.01323,3.00E-005,0.98669,3.00E-005,3.00E-005,9.00E-005
Artemia_franciscana,Artemia_sinica,1,1,invertebrate,crustacea,continental,0.051,4,0.642000,1.104000,0.008000,0.088000,-6.670000,6.511000,0.007047,0.008715,0.003433,0.006466,0.006952,0.008366,0.003404,0.006116,0.075911,0.785491,-0.037433,0.586147,0.119187,0.075950,0.113947,0.074915,0.919531,0.086537,0.089966,0.03802,0.07806,0,1.00E-005,4.00E-005,0.00058,0.18333,0.14917,0.28439,0.26548,0,1.00E-005,5.00E-005,0.00085,0,0,0.00154,0.03292,1.00E-005,0.00176,0.41215,0.55044,7.00E-005,0.00265,0,0.00449,0.00497,0.12243,0.00011,0.00011,0.07376,0.79819,0.00011,0.00011,0.00011,0.00011,0.00066,0.16432,0.00018,0.83437,0.00095,0.00018,0.00131
Artemia_franciscanaCH,Artemia_franciscanaAMN,0,1,invertebrate,crustacea,continental,0.051,4,1.900000,1.660000,0.463000,0.859000,-9.000000,0.000000,0.010751,0.011851,0.015573,0.014295,0.010516,0.011644,0.015458,0.013952,0.184014,0.953617,0.079905,0.930966,0.019066,0.013996,0.005904,0.010173,0.186131,0.217033,0.086395,0.02349,0.00212,0.01972,0.0016,0.28277,0.01698,0.41003,0.00641,0.0481,0.00583,0.0066,0.00101,0.16291,0.01189,8.00E-005,0.00046,0.50402,0.05933,0.01558,0.17438,0.45845,0.11762,0.01095,0.16366,3.00E-005,0.3646,0.02539,0.0051,0.02429,0.006,0.88399,0.01568,0.01078,0.02863,8.00E-005,8.00E-005,0.06986,0.24156,0.37648,0.35835,0.02341,2.00E-004,0.40009
Artemia_franciscanaFR,Artemia_franciscanaAMN,0,1,invertebrate,crustacea,continental,0.051,4,1.961000,1.621000,0.348000,0.759000,-8.975000,0.575000,0.009006,0.014468,0.018582,0.017084,0.009050,0.014568,0.018409,0.016419,-0.016382,0.749631,0.063046,0.947426,0.021686,0.017274,0.007892,0.012788,0.222738,0.252506,0.106743,0.01613,0.00649,0.02605,0.00689,0.27156,0.10459,0.25186,0.02583,0.0238,0.01582,0.01322,0.00574,0.16208,0.06962,0.00016,0.00016,0.66007,0.02595,0.02744,0.28821,0.32407,0.08672,0.02031,0.22719,1.00E-004,0.56325,0.00471,0.07358,0.02051,0.01615,0.60287,0.23298,0.0235,0.02523,0.00023,0.00023,0.08585,0.10674,0.06978,0.64383,0.17943,0.00022,0.24943
Artemia_franciscanaFR,Artemia_franciscanaCH,0,1,invertebrate,crustacea,continental,0.051,4,1.503000,1.432000,0.246000,0.592000,-9.000000,0.000000,0.009766,0.014711,0.013576,0.013295,0.009817,0.014755,0.013329,0.013071,-0.022675,0.780637,0.173142,0.993463,0.021756,0.018492,0.010086,0.015900,0.292286,0.277628,0.050106,0.00461,0.00117,0.01338,0.00485,0.48091,0.10386,0.03522,0.00621,0.00641,0.00424,0.0086,0.00401,0.26266,0.06382,0,6.00E-005,0.94215,0.01015,0.01342,0.40616,0.18234,0.06736,0.0129,0.30765,0,0.74013,0.02856,0.05652,0.18382,0.03798,0.27329,0.03718,0.34958,0.03168,7.00E-004,7.00E-004,0.60446,0.24754,0.14491,0.3548,0.25158,0.00117,0.39766
Caenorhabditis_brenneri,Caenorhabditis_sp10,1,1,invertebrate,nematoda,continental,0.0052,0.16,8.492000,8.840000,0.656000,1.291000,13.795000,18.523000,0.035724,0.030575,0.051199,0.042608,0.035882,0.030769,0.051347,0.041699,0.034330,0.880146,-0.120132,0.652609,0.348361,0.149897,0.304900,0.147164,0.785366,0.146037,0.562685,0.10055,0.22099,0.00012,3.00E-005,0.00581,0.00343,0.13694,0.08658,0.24901,0.13499,0.01452,0.00086,0.03352,0.0126,3.00E-005,3.00E-005,0.07095,0.22987,0.00025,0.01646,0.23392,0.49538,0.00015,0.02395,1.00E-005,0.04082,0.04043,0.82483,9.00E-005,9.00E-005,0.03591,0.09831,9.00E-005,9.00E-005,9.00E-005,9.00E-005,0.00054,0.16064,1.00E-004,0.83905,1.00E-004,1.00E-004,3.00E-004
Caenorhabditis_brenneriIND,Caenorhabditis_brenneriGUY,0,1,invertebrate,nematoda,continental,0.0052,0.16,4.521000,4.595000,2.803000,4.262000,-9.000000,0.000000,0.033128,0.032995,0.040350,0.033809,0.033038,0.032528,0.040918,0.033561,-0.053759,0.691467,-0.240140,0.713973,0.042786,0.033944,0.006047,0.011845,0.069305,0.119064,0.702906,0.00142,0.07078,0.00055,0.02284,0.00964,0.38581,0.00105,0.13472,0.00183,0.11381,0.00038,0.01458,0.00748,0.23398,0.00027,0.00085,0.67638,0.0431,0.01464,0.45852,0.06935,0.08598,0.00939,0.31734,0.00167,0.80156,0.01297,0.30942,0.00375,0.102,0.00557,0.45983,0.00278,0.10071,0.00027,0.0027,0.21221,0.5288,0.05259,0.34489,0.07284,0.00088,0.12631
Camponotus_ligniperdus,Camponotus_aethiops,1,1,invertebrate,insecta,continental,1.65,26,0.821000,1.748000,0.014000,0.227000,-8.171000,3.995000,0.001764,0.005514,0.003115,0.008293,0.001706,0.005232,0.003022,0.007512,0.040123,0.535348,-0.006173,0.612976,0.086882,0.070596,0.084442,0.070135,0.951596,0.086911,0.377081,0.0086,0.087,1.00E-005,1.00E-005,3.00E-005,0.00041,0.04911,0.48762,0.03624,0.33046,1.00E-005,1.00E-005,3.00E-005,0.00047,0,0,0.00098,0.00445,1.00E-005,0.00086,0.5202,0.47339,2.00E-005,0.00107,0,0.00196,0.09772,0.18737,0.00033,0.00033,0.58205,0.12999,0.00033,0.0012,0.00033,0.00033,0.00285,0.01153,5.00E-005,0.98809,0.00027,5.00E-005,0.00037
cioneA,cioneB,1,1,invertebrate,urochordata,marine,0.016,3,10.903756,7.853245,0.482394,0.840189,1.300469,10.743844,0.014273,0.012205,0.049344,0.030496,0.014319,0.010840,0.054010,0.031301,-0.018047,0.853093,-0.313438,0.662350,0.176220,0.075427,0.144412,0.072156,0.686663,0.155286,0.294371,0.02608,0.05301,1.00E-005,1.00E-005,0.00346,0.00857,0.04087,0.2406,0.0407,0.46299,0.00022,0.00066,0.07172,0.0511,1.00E-005,1.00E-005,0.13577,0.08677,1.00E-005,2.00E-005,0.02883,0.02575,0.03056,0.82804,1.00E-005,0.85864,0.84084,0.00429,0.00013,0.00013,0.08467,0.0664,0.00013,0.00315,0.00013,0.00013,0.0038,0.97247,3.00E-005,0.02743,3.00E-005,3.00E-005,9.00E-005
CioneB_france,CioneB_canada,0,1,invertebrate,urochordata,marine,0.016,3,1.776000,2.096000,1.689000,1.945000,-9.000000,0.000000,0.030262,0.025984,0.029131,0.025969,0.030478,0.026043,0.029161,0.026193,-0.060682,0.719229,0.011609,0.774828,0.031701,0.025419,0.002004,0.007633,0.034678,0.142174,0.696532,2.00E-005,0.00888,0.00098,0.30984,0.00103,0.30369,4.00E-005,0.0336,4.00E-005,0.01364,0.00083,0.15693,0.00079,0.16666,0.00048,0.00258,0.94381,0.00737,0.01184,0.5993,0.00726,0.0183,0.00961,0.34092,0.00539,0.96706,0.00037,0.03014,0.00233,0.44417,0.00016,0.11842,0.00156,0.40254,0.00016,0.00016,0.85092,0.01391,0.49382,0.13495,0.35697,0.00034,0.85113
Crepidula_fornicata,Crepidula_plana,1,1,invertebrate,mollusca,marine,0.0511,10,3.854595,4.879395,0.113855,0.415282,4.876543,15.268337,0.017648,0.017366,0.022056,0.021358,0.018070,0.017326,0.022132,0.021100,-0.197300,0.609148,-0.065285,0.702760,0.329355,0.108352,0.309503,0.107301,0.895151,0.083840,0.138305,0.27009,0.11111,1.00E-005,1.00E-005,3.00E-004,0.00023,0.18646,0.06625,0.26193,0.10152,2.00E-005,3.00E-005,0.00133,0.00071,1.00E-005,1.00E-005,0.00266,0.62917,0,0.00087,0.13217,0.23366,0.00028,0.00384,0,0.00499,0.226,0.4142,0.00025,0.00025,0.11639,0.24193,0.00025,0.00025,0.00025,0.00025,0.0015,0.9287,3.00E-005,0.07122,3.00E-005,3.00E-005,9.00E-005
Culex_pipiensTRO,Culex_pipiensMED,0.5,1,invertebrate,insecta,continental,0.08,0.205,6.458000,6.688000,0.348000,0.751000,-6.314000,6.999000,0.018055,0.016667,0.035336,0.023300,0.018140,0.016759,0.035692,0.023745,-0.010392,0.833591,-0.044838,0.748225,0.054264,0.027454,0.027568,0.021144,0.360649,0.230804,0.249066,0.00127,0.00925,1.00E-005,3.00E-005,0.00019,0.00216,0.02341,0.69891,0.01218,0.24985,3.00E-005,4.00E-005,0.00033,0.00234,0,0,0.00513,0.06433,0.00015,0.00656,0.53145,0.39217,0.00013,0.00522,0,0.01206,0.00141,0.02566,5.00E-005,5.00E-005,0.02061,0.95204,5.00E-005,5.00E-005,5.00E-005,5.00E-005,3.00E-004,0.04953,4.00E-005,0.94795,0.00245,4.00E-005,0.00253
Culex_pipiensTRO,Culex_torrentium,1,1,invertebrate,insecta,continental,0.08,0.205,1.781000,1.894000,0.053000,0.224000,-5.656000,7.392000,0.017323,0.017115,0.015126,0.015292,0.017443,0.017246,0.015370,0.015440,-0.012128,0.803607,-0.077524,0.738165,0.105497,0.096127,0.089273,0.096259,0.698634,0.215464,0.126969,0.0205,0.04974,2.00E-005,0.00021,0.06403,0.03405,0.23006,0.0398,0.38534,0.10849,0.00039,0.00036,0.0363,0.03068,2.00E-005,2.00E-005,0.16608,0.00562,3.00E-005,0.03839,0.22711,0.70881,0.00019,0.01984,1.00E-005,0.05846,0.00929,0.09885,0.00023,0.00023,0.76158,0.12892,0.00023,0.00023,0.00023,0.00023,0.00138,0.0039,2.00E-005,0.99594,0.00011,2.00E-005,0.00015
Cystodytes_dellechiajei_purple,Cystodytes_dellechiajei_blue,0,1,invertebrate,urochordata,marine,0.1,NA,5.322118,4.379044,0.239875,0.677237,-7.089512,5.607588,0.016875,0.018055,0.038534,0.022981,0.016540,0.017372,0.034921,0.021432,0.091174,0.870135,1.024626,0.916849,0.069291,0.079272,0.041587,0.078581,0.407444,0.216979,0.144891,0.07501,0.00288,0.01251,1.00E-005,0.00056,0.00166,0.57187,0.01794,0.30583,0.00993,1.00E-005,3.00E-005,0.00043,0.00134,0,0,0.01655,0.00404,0.00025,0.04452,0.14459,0.76219,0.00037,0.04406,0,0.0892,0.02182,0.01017,0.00013,0.00013,0.93502,0.03119,0.00112,0.00013,0.00013,0.00013,0.00177,0.0973,0.00011,0.89382,0.00866,0.00011,0.00888
Echinocardium_mediterraneum,Echinocardium_cordatum_B2,1,1,invertebrate,echinodermata,marine,0.0075,10,6.536104,6.417081,0.218324,0.565642,5.889986,13.108140,0.021574,0.021298,0.051085,0.035116,0.021886,0.021449,0.051786,0.035089,-0.101824,0.736112,-0.153458,0.622509,0.281881,0.126707,0.245551,0.126890,0.779806,0.135861,0.188163,0.0229,0.03722,0,0,0.00016,0.00012,0.42496,0.0326,0.44127,0.03502,3.00E-005,0.00418,0.00052,0.00102,0,0,0.00603,0.02592,0,0.00127,0.30816,0.66151,1.00E-004,0.00305,0,0.00442,0.16895,0.02499,8.00E-005,8.00E-005,0.78697,0.01859,8.00E-005,8.00E-005,8.00E-005,8.00E-005,0.00048,0.01233,3.00E-005,0.98758,3.00E-005,3.00E-005,9.00E-005
Echinocardium_mediterraneumEST,Echinocardium_mediterraneumWES,0,1,invertebrate,echinodermata,marine,0.0075,10,1.708000,1.923000,1.708000,1.978000,-9.000000,0.000000,0.027403,0.020468,0.026941,0.021215,0.027824,0.020528,0.027143,0.020825,-0.148317,0.771149,-0.118635,0.771675,0.027461,0.017701,0.000290,0.007297,0.007596,0.122338,0.497573,0.03165,0.00154,0.25655,0.11612,0.10257,0.01711,0.06222,0.00479,0.04113,0.00119,0.16942,0.0922,0.07353,0.01197,0.01491,0.00311,0.85749,0.04997,0.29594,0.14626,0.10766,0.06835,0.20023,0.10995,0.02163,0.77401,0.05243,0.00267,0.28603,0.07164,0.20147,0.00097,0.301,0.07491,0.00715,0.00173,0.74246,0.02841,0.41248,0.09887,0.45348,0.00676,0.87272
Emys_orbicularisEUE,Emys_orbicularisEUW,0,1,vertebrate,sauropsida,continental,2,120,1.531000,1.240000,0.204000,0.503000,-9.000000,0.000000,0.005862,0.007586,0.010129,0.008089,0.005799,0.007427,0.009671,0.007423,0.038391,0.773894,0.315663,1.041446,0.013206,0.008996,0.005211,0.007121,0.253984,0.247322,-0.019755,0.01045,0.00849,0.02557,0.00989,0.18144,0.13377,0.25469,0.05756,0.0369,0.02362,0.01581,0.00653,0.13557,0.09796,9.00E-004,0.00085,0.60829,0.01049,0.03863,0.36939,0.23286,0.06045,0.02732,0.2608,7.00E-005,0.69621,0.00653,0.06535,0.07998,0.07911,0.42446,0.20698,0.02662,0.09919,0.00048,0.0113,0.29668,0.01906,0.15287,0.79589,0.03195,0.00022,0.18504
Emys_orbicularis,Trachemys_scripta,1,1,vertebrate,sauropsida,continental,2.7,80.6,1.891262,2.174271,0.015534,0.123784,-8.066019,3.971140,0.004691,0.006488,0.011359,0.013380,0.004535,0.006229,0.011203,0.012486,0.147429,0.780291,-0.018603,0.741778,0.048540,0.070039,0.040515,0.070203,0.685713,0.247126,-0.023400,0.00857,0.01395,5.00E-005,1.00E-005,0.00391,0.00072,0.45652,0.13282,0.32647,0.05284,5.00E-005,2.00E-005,0.00322,0.00085,0,0,0.00883,0.00147,0.00012,0.01189,0.49033,0.48419,0.00015,0.01185,0,0.02401,0.00061,0.05387,0.00014,0.00014,0.02231,0.92238,0.00014,0.00014,0.00014,0.00014,0.00084,0.02558,2.00E-005,0.97435,2.00E-005,2.00E-005,6.00E-005
Eudyptes_filholi,Eudyptes_moseleyi,0.5,1,vertebrate,sauropsida,continental,55,29,1.139000,1.374000,0.692000,2.216000,-8.921000,0.978000,0.010371,0.011945,0.007969,0.012612,0.010575,0.012729,0.008127,0.013426,-0.079971,0.765315,0.022780,0.844828,0.015618,0.022033,0.006448,0.021312,0.228846,0.260083,0.638131,1.00E-004,0.00398,0.00097,0.02325,0.0066,0.46616,0.00176,0.06213,0.00035,0.02888,0.00116,0.02149,0.00918,0.37396,1.00E-005,1.00E-005,0.90279,0.00035,0.00877,0.47311,0.01941,0.01101,0.01077,0.47658,0,0.96923,3.00E-004,0.27272,0.06171,0.18573,0.01768,0.36243,0.04234,0.05648,3.00E-004,3.00E-004,0.34686,0.02431,0.17587,0.64113,0.14656,0.01214,0.33457
Eudyptes_moseleyi,Aptenodytes_patagonicus,1,1,vertebrate,sauropsida,continental,72.5,35,0.759000,1.139000,0.008000,0.089000,-7.958000,4.330000,0.004525,0.009829,0.003111,0.004939,0.004606,0.010391,0.003158,0.004960,0.002721,0.664353,-0.056630,0.578145,0.057938,0.108215,0.054120,0.108178,0.854153,0.170059,-0.033242,0.00223,0.01816,0.00086,0.00012,0.01676,0.01336,0.42006,0.1462,0.24883,0.08865,0.00016,9.00E-005,0.02223,0.02219,8.00E-005,1.00E-005,0.07586,0.00507,0.00026,0.00349,0.69401,0.2922,1.00E-004,0.00486,0,0.00871,0.02988,0.0737,0.00529,3.00E-004,0.75329,0.13636,3.00E-004,3.00E-004,3.00E-004,3.00E-004,0.00679,0.02858,0.04355,0.92303,0.00469,0.00015,0.04839
Eunicella_cavolinii,Eunicella_verrucosa,1,1,invertebrate,cnidaria,marine,0.25,100,1.780000,1.586000,0.218000,0.538000,-8.965000,0.817000,0.011322,0.011307,0.015970,0.013792,0.011468,0.011388,0.016206,0.013962,-0.058481,0.788031,-0.085874,0.762101,0.034817,0.073962,0.021171,0.074253,0.349497,0.291299,0.037060,0.00058,0.00445,0.001,0.00082,0.18551,0.02214,0.16514,0.04698,0.03001,0.01408,0.0031,0.00348,0.47877,0.04392,0,0,0.73874,0.00127,0.00571,0.39883,0.01721,0.01073,0.01037,0.55584,4.00E-005,0.97079,0.01807,0.06166,0.02597,0.00166,0.70117,0.14592,0.01162,0.03346,0.00023,0.00023,0.07317,0.04048,0.16061,0.61776,0.18047,0.00068,0.34176
Gorilla_eastern,gorilla_western,1,0,vertebrate,mammalia,continental,NA,NA,4.077000,2.499000,0.538000,0.877000,-9.000000,0.000000,0.000940,0.001146,0.001456,0.000948,0.000846,0.000914,0.001424,0.000738,0.081298,0.970329,0.037812,0.965635,0.002025,0.001328,0.000827,0.001098,0.165992,0.409193,-0.472927,0.00021,0.0014,0.05852,0.3569,0.02089,0.08411,0.00165,0.00453,6.00E-004,0.0025,0.05318,0.3216,0.01687,0.0743,0.00059,0.00216,0.98912,0.003,0.43376,0.06097,0.01004,0.00275,0.42933,0.0593,0.00085,0.98421,0.00018,0.00305,0.03937,0.45502,0.00018,0.00997,0.00211,0.48834,0.00056,0.00121,0.98661,0.00085,0.78839,0.03538,0.17008,0.0053,0.96377
Hippocampus_guttulatusCRO,Hippocampus_guttulatusTHA,0,1,vertebrate,teleostei,marine,1.2,7,0.933000,0.857000,0.793000,0.955000,-9.000000,0.000000,0.005567,0.005565,0.006729,0.005217,0.005484,0.005325,0.006890,0.005321,0.036674,0.918169,-0.153202,0.819904,0.006839,0.004658,0.000691,0.003174,0.056988,0.182581,0.247516,5.00E-004,5.00E-005,0.42309,0.01865,0.00573,0.00122,0.00179,0.00012,0.00017,6.00E-005,0.30366,0.01674,0.00498,0.00106,0.21597,0.0062,0.9973,0.00062,0.40602,0.00454,0.00205,0.00026,0.30378,0.00463,0.2781,0.99707,8.00E-005,8.00E-005,0.21349,0.10564,8.00E-005,0.0279,0.54302,0.10744,0.00113,0.00112,0.97184,1.00E-004,0.28715,0.00032,0.60206,0.11037,0.99958
Hippocampus_guttulatusPOR,Hippocampus_guttulatusCRO,0,1,vertebrate,teleostei,marine,1.2,7,0.537000,0.790000,0.691000,1.019000,-9.000000,0.000000,0.008977,0.008728,0.004551,0.005644,0.009268,0.009263,0.004453,0.005249,-0.115019,0.864062,0.066445,0.851114,0.010845,0.010989,0.004081,0.007997,0.149524,0.238004,-0.209127,3.00E-005,0.00025,0.47111,0.03017,0.04423,0.00684,0.00144,0.00058,0.00013,0.00043,0.33695,0.03006,0.03295,0.00572,0.02658,0.01254,0.99715,1.00E-005,0.46156,0.06779,0.00059,4.00E-005,0.41044,0.05621,0.00335,0.99935,0.03689,0.02321,0.11848,0.09887,0.04562,0.01784,0.50288,0.15569,0.00026,0.00026,0.87644,0.00198,0.21262,0.01325,0.74706,0.0251,0.98478
Hippocampus_guttulatusPOR,Hippocampus_guttulatusTHA,0,1,vertebrate,teleostei,marine,1.2,7,0.641000,0.814000,0.692000,0.995000,-9.000000,0.000000,0.009758,0.010413,0.006492,0.007437,0.009936,0.010979,0.006573,0.007653,0.008447,0.915987,-0.076318,0.723485,0.011936,0.012377,0.003810,0.009031,0.127429,0.234983,0.055974,2.00E-005,0.00011,0.38463,0.15519,0.0181,0.01171,0.00033,0.00038,4.00E-005,0.00019,0.27682,0.12643,0.01489,0.00973,0.00105,0.00039,0.99894,4.00E-005,0.49478,0.04846,0.00084,6.00E-005,0.39559,0.04332,0.01691,0.99906,0.00014,0.00267,0.37897,0.24585,0.00161,0.01014,0.12863,0.2317,0.00014,0.00014,0.98543,0.00047,0.59178,0.02435,0.35283,0.03057,0.97518
Hippocampus_hippocampus,Hippocampus_guttulatusTHA,1,1,vertebrate,teleostei,marine,1.2,7,0.276000,0.619000,0.004000,0.061000,-8.676000,2.295000,0.004818,0.006523,0.001534,0.003844,0.004912,0.006544,0.001565,0.003965,-0.097598,0.591990,-0.018604,0.435603,0.050298,0.082988,0.047122,0.083145,0.856305,0.168972,-0.044277,0.00199,0.04206,4.00E-005,3.00E-005,0.00915,0.00838,0.33532,0.17195,0.27903,0.13266,9.00E-005,0.00015,0.00727,0.01184,2.00E-005,2.00E-005,0.03699,0.00341,0.00022,0.0064,0.66311,0.3165,0.00042,0.00994,0,0.01698,0.00018,0.09611,0.00018,0.00018,0.46556,0.43705,0.00018,0.00018,0.00019,0.00018,0.00109,0.00237,0.00016,0.97717,0.02015,0.00016,0.02047
Lepus_granatensisESP,Lepus_granatensisPOR,0,1,vertebrate,mammalia,continental,31.6,18,1.222000,1.509000,1.483000,1.642000,-9.000000,0.000000,0.010127,0.008964,0.010294,0.008764,0.009997,0.008415,0.010377,0.008965,0.029202,0.872054,-0.046219,0.802569,0.010331,0.008217,0.000120,0.003066,0.000990,0.121290,0.588558,0.00249,0.00047,0.05712,0.01097,0.00193,0.00048,0.00192,0.00036,0.00422,0.00068,0.04548,0.00835,0.00204,0.00042,0.76589,0.09717,0.98985,0.0022,0.05124,0.0016,0.00156,0.003,0.04098,0.00159,0.89781,0.99322,2.00E-004,0.00019,0.2458,0.02347,0.00489,2.00E-004,0.11147,0.02288,0.47896,0.11195,0.99453,0.00117,0.25287,0.00264,0.0953,0.64802,0.99619
Lineus_longissimus,Lineus_lacteus,1,1,invertebrate,nemertea,marine,0.02,NA,4.054964,6.274072,0.126118,0.459191,5.731572,17.822619,0.018754,0.018515,0.019338,0.020615,0.018930,0.018540,0.019367,0.020267,-0.084610,0.664714,-0.064268,0.682260,0.327674,0.104070,0.308628,0.101763,0.901713,0.073299,0.182940,0.0243,0.10382,0,0,7.00E-005,0.00018,0.0731,0.28159,0.10982,0.40622,1.00E-005,3.00E-005,0.00018,0.00068,0,0,0.00115,0.5221,0,0.00078,0.19095,0.28199,0.00027,0.00391,0,0.00496,0.01264,0.28529,1.00E-004,1.00E-004,0.01459,0.68687,1.00E-004,1.00E-004,1.00E-004,1.00E-004,6.00E-004,0.83947,4.00E-005,0.16039,4.00E-005,4.00E-005,0.00012
lissotriton_vulgaris_kosswigi,lissotriton_vulgaris_vulgaris,0.5,0,vertebrate,amphibia,continental,NA,NA,15.000000,8.851000,1.571000,3.309000,-0.143000,11.697000,0.010511,0.005786,0.009503,0.005630,0.010597,0.005507,0.010801,0.004273,-0.080797,0.875346,-0.681911,1.187309,0.030823,0.011306,0.020816,0.010768,0.478079,0.183474,0.721443,0.00092,0.02499,0.00094,0.00333,0.03997,0.21025,0.04846,0.27076,0.02339,0.17583,0.00096,0.00359,0.03045,0.16612,2.00E-005,3.00E-005,0.45566,0.0084,0.00402,0.38278,0.20394,0.10101,0.00431,0.29554,1.00E-005,0.68666,0.00026,0.06114,0.00136,0.00081,0.39005,0.53693,0.00096,0.00798,0.00026,0.00026,0.01163,0.00169,0.00265,0.97427,0.02123,0.00016,0.02404
Lutzomyia_intermedia,Lutzomyia_whitmani,1,0,invertebrate,insecta,continental,NA,NA,4.600000,3.921000,1.800000,3.393000,-9.000000,0.000000,0.017102,0.009985,0.019389,0.018231,0.024547,0.013701,0.027042,0.015695,-0.874147,0.754441,-0.948066,0.719965,0.031369,0.021605,0.013124,0.011826,0.188057,0.243091,0.778707,0.05629,0.12529,5.00E-005,1.00E-004,0.01085,0.03357,0.09174,0.24996,0.10288,0.26187,0.00068,0.00046,0.01852,0.04772,1.00E-005,1.00E-005,0.11197,0.18682,0.00015,0.07353,0.31165,0.31334,0.00129,0.1132,1.00E-005,0.18818,0.11998,0.16077,0.00026,0.00039,0.31338,0.40375,0.00026,0.00071,0.00026,0.00026,0.00214,0.23906,0.00023,0.75688,0.0036,0.00023,0.00406
macaca_mulatta,macaca_fascicularis,1,0,vertebrate,mammalia,continental,31.1,40,11.062000,11.162000,7.875000,13.129000,-9.000000,0.000000,0.009226,0.013232,0.012174,0.014468,0.008989,0.012562,0.011491,0.013525,0.286820,0.992340,0.079505,0.933926,0.012718,0.013949,0.002019,0.001796,0.141453,0.177979,0.947686,0,0.00615,0,0.00614,5.00E-005,0.48447,1.00E-005,0.11232,1.00E-005,0.0457,0,0.00442,1.00E-004,0.34064,0,0,0.83582,0.00075,0.00676,0.3187,0.02517,0.01411,0.01621,0.61801,0.00029,0.95997,0.00011,0.00819,0.00011,0.04794,0.00011,0.8797,0.00011,0.06292,0.00011,0.00069,0.11188,0.00049,0.13444,0.14914,0.71314,0.0028,0.85038
malurus_melanocephalus_TE,malurus_melanocephalus_CY,0,0,vertebrate,sauropsida,continental,NA,NA,17.735000,10.737000,9.382000,7.418000,-9.000000,0.000000,0.011902,0.006917,0.012176,0.007274,0.013072,0.007332,0.016494,0.008565,-0.418618,0.762176,-0.877259,0.896928,0.012790,0.006541,0.000751,0.001428,0.025396,0.127927,0.766507,0,0.00038,0,0.00167,0.00021,0.51226,1.00E-005,0.04276,2.00E-005,0.05498,0,0.00197,0.00019,0.38555,0,0,0.90185,0.00069,0.00108,0.25747,0.01905,0.0324,0.00454,0.68442,0.00034,0.94785,0.00022,0.00049,8.00E-005,0.02373,0.00117,0.91857,0.00022,0.05541,6.00E-005,6.00E-005,0.07956,0.03676,0.0497,0.52955,0.38326,0.00073,0.43369
Melitaea_cinxiaEUR,Melitaea_cinxiaMAR,0,1,invertebrate,insecta,continental,0.0556,1,1.764000,2.208000,0.301000,1.609000,-8.662000,2.405000,0.022125,0.017415,0.013650,0.014898,0.022161,0.017315,0.013537,0.014323,-0.010369,0.801824,-0.020534,0.787941,0.039353,0.023286,0.021465,0.020393,0.389836,0.266935,0.128743,0.03567,0.00617,0.00045,0.00026,0.01408,0.00769,0.36073,0.25744,0.21662,0.07713,7.00E-004,0.00069,0.01657,0.0058,1.00E-005,1.00E-005,0.04626,0.07333,0.00097,0.07091,0.47829,0.30864,0.0016,0.06617,9.00E-005,0.13974,0.05748,0.0105,5.00E-004,2.00E-004,0.56953,0.35393,2.00E-004,0.00727,2.00E-004,2.00E-004,0.00857,0.20866,0.00066,0.78989,0.00069,1.00E-004,0.00145
Melitaea_cinxia,Mellicta_athalia,1,1,invertebrate,insecta,continental,0.06,1,3.813000,4.167000,0.115000,0.350000,-1.049000,10.450000,0.018177,0.017450,0.026294,0.021508,0.018272,0.017390,0.026530,0.021491,-0.035792,0.745760,-0.072835,0.757356,0.138161,0.077777,0.115925,0.075997,0.739986,0.161594,0.238537,0.00562,0.00428,0,0,1.00E-005,2.00E-005,0.41362,0.26364,0.23875,0.07377,0.00022,0,2.00E-005,4.00E-005,0,0,0.00031,0.00542,0,0.00049,0.53661,0.4568,2.00E-005,0.00067,0,0.00118,0.01229,0.00547,3.00E-005,3.00E-005,0.86467,0.11739,3.00E-005,3.00E-005,3.00E-005,3.00E-005,0.00018,0.04619,1.00E-005,0.95378,1.00E-005,1.00E-005,3.00E-005
Messor_barbarus,Messor_structor,1,1,invertebrate,insecta,continental,1.5,20,2.507000,2.776000,0.035000,0.198000,-3.876000,9.011000,0.007009,0.007761,0.010017,0.009233,0.006690,0.007503,0.008264,0.007709,0.349776,0.897652,1.491183,0.802248,0.053969,0.076621,0.045456,0.076508,0.703487,0.183563,0.018538,0.00775,0.00169,0,0,9.00E-005,6.00E-004,0.6759,0.06578,0.23487,0.0128,0,1.00E-005,6.00E-005,0.00044,0,0,0.0012,0.0052,3.00E-005,0.00329,0.30991,0.67564,2.00E-005,0.00592,0,0.00926,0.00231,0.00964,0.00012,0.00012,0.97114,0.01621,0.00012,0.00012,0.00012,0.00012,0.00072,8.00E-004,0,0.98675,0.01245,0,0.01245
Mus_domesticus,Mus_musculus,0.5,1,vertebrate,mammalia,continental,6.06,4,6.386000,6.355000,1.035000,2.679000,-5.421000,7.826000,0.002464,0.002349,0.003090,0.003033,0.002562,0.002218,0.003275,0.002813,-0.261942,1.016313,-0.352215,1.123174,0.010455,0.004865,0.007678,0.005262,0.559665,0.278781,0.389155,1.00E-005,7.00E-004,2.00E-004,0.00381,0.02155,0.22869,4.00E-005,0.00081,4.00E-005,0.00119,0.0088,0.11812,0.05214,0.5639,0,0,0.99721,0.00508,0.00104,0.10735,0.00559,0.00846,0.15173,0.72074,0,0.98086,0.12624,0.20636,0.00036,0.06105,0.08732,0.46964,0.00035,0.04797,0.00036,0.00036,0.11045,0.48217,0.07137,0.30907,0.13328,0.00411,0.20876
Mytilus_galloprovincialisATL,Mytilus_galloprovincialisMED,0,1,invertebrate,mollusca,marine,0.01,25,2.554000,2.807000,2.209000,3.096000,-8.898000,1.311000,0.040222,0.030065,0.036783,0.030833,0.040775,0.029854,0.036848,0.030816,-0.163639,0.745190,-0.004791,0.851847,0.042661,0.028767,0.004159,0.015133,0.052202,0.152580,0.460850,0.00219,0.03588,0.00231,0.02316,0.08799,0.4035,0.00364,0.06684,0.00426,0.04919,0.00152,0.01584,0.04875,0.25474,0.00015,4.00E-005,0.838,0.01886,0.00811,0.56637,0.02815,0.0421,0.00496,0.33124,0.00022,0.9109,0.04634,0.18412,0.05594,0.09331,0.07535,0.35804,0.04116,0.1452,0.00027,0.00027,0.33615,0.47679,0.10561,0.34491,0.07245,0.00023,0.17829
Mytilus_galloprovincialis,Mytilus_edulis,1,1,invertebrate,mollusca,marine,0.01,25,2.980000,3.160000,1.500000,2.282000,-8.432000,3.217000,0.036468,0.029194,0.035948,0.027849,0.037073,0.029353,0.036700,0.028072,-0.145978,0.709382,-0.188157,0.669615,0.055076,0.044879,0.018868,0.040801,0.184401,0.265889,0.346627,3.00E-005,0.0657,0.00022,0.00208,0.0494,0.32472,0.00068,0.00507,0.00064,0.01016,0.00044,0.03366,0.02423,0.48298,0,0,0.91773,0.00092,0.02174,0.60389,0.00721,0.00597,0.02478,0.33548,0,0.98589,0.00107,0.9106,0.01418,0.00143,0.0075,0.05601,0.00052,0.00862,4.00E-005,4.00E-005,0.02483,0.12619,0.09443,0.62481,0.15416,0.00041,0.249
Necora_puberATL,Liocarcinus_depurator,1,1,invertebrate,crustacea,marine,0.155,7,2.656000,3.997000,0.033000,0.207000,-2.598000,11.752000,0.005224,0.008767,0.012385,0.015082,0.005297,0.008802,0.012541,0.015094,-0.073709,0.549867,-0.109030,0.618598,0.225697,0.146316,0.216892,0.143799,0.932617,0.069341,0.231088,0.01792,0.17707,0,3.00E-005,0.00027,0.0022,0.01697,0.23305,0.03029,0.51922,0.00041,5.00E-005,0.00112,0.0014,0,0,0.00548,0.00394,2.00E-005,0.00128,0.35454,0.63804,4.00E-005,0.00214,0,0.00348,0.02646,0.31678,7.00E-005,7.00E-005,0.03879,0.61755,7.00E-005,7.00E-005,7.00E-005,7.00E-005,0.00042,0.0527,2.00E-005,0.94677,5.00E-004,2.00E-005,0.00054
Necora_puberATL,Necora_puberMED,0,0,invertebrate,crustacea,marine,0.18,10,1.577000,1.606000,1.402000,1.729000,-9.000000,0.000000,0.011907,0.010662,0.011894,0.010640,0.012115,0.010765,0.012025,0.010481,-0.170122,0.722422,-0.114043,0.738797,0.012051,0.009608,0.000151,0.002881,0.008218,0.109114,0.565532,0.00589,0.02001,0.01011,0.41106,0.00907,0.05661,0.00749,0.054,0.00467,0.01979,0.01165,0.34421,0.00872,0.03672,0,1.00E-005,0.88816,0.19488,0.14361,0.12341,0.14008,0.15122,0.13095,0.11301,0.00285,0.51383,0.05083,0.02848,0.06873,0.16945,0.40302,0.03539,0.0429,0.19928,0.00124,0.00067,0.48227,0.18255,0.23744,0.40758,0.17036,0.00208,0.40988
Oryctolagus_algirus,Oryctolagus_cuniculus,0.5,1,vertebrate,mammalia,continental,NA,NA,27.800000,38.712000,19.600000,9.834000,-9.000000,0.000000,0.006086,0.003192,0.010067,0.013007,0.008360,0.003170,0.010305,0.009264,-0.790913,0.863665,-0.491218,0.930039,0.010670,0.007902,0.002594,0.003255,0.134728,0.178166,-0.512685,2.00E-005,0.00102,0,0.00601,0.00027,0.22453,7.00E-005,0.00172,0.00011,0.0031,3.00E-005,0.03646,0.00105,0.72561,0,0,0.99396,0.00057,2.00E-004,0.03472,0.00399,0.00574,0.02215,0.93262,0,0.98969,0.0019,0.07781,0.00032,0.08466,0.00164,0.25936,0.00179,0.57187,0.00032,0.00032,0.65928,0.22236,0.02022,0.47295,0.28366,0.00082,0.3047
Ostrea_edulisATLdan,Ostrea_edulisATLfr,0,1,invertebrate,mollusca,marine,0.018,34,1.189000,1.249000,1.242000,1.294000,-9.000000,0.000000,0.013077,0.012792,0.014525,0.010550,0.012993,0.012132,0.014751,0.010428,-0.058830,0.879713,-0.135862,0.802479,0.013854,0.009849,0.000053,0.004144,0.003069,0.139961,0.418413,0.00134,8.00E-005,0.32264,0.02364,0.0158,0.00114,0.00324,9.00E-005,0.0014,0.00011,0.24277,0.01763,0.01683,9.00E-004,0.3362,0.0162,0.99375,0.00168,0.38804,0.01639,0.00281,0.00172,0.29839,0.0168,0.27416,0.99378,0.00014,0.00014,0.0991,0.01058,0.00127,0.00014,0.27838,0.01286,0.43421,0.16318,0.99831,0.00014,0.10508,7.00E-004,0.31328,0.5808,0.99916
Ostrea_edulisATL,Ostrea_edulisMED,0,1,invertebrate,mollusca,marine,0.018,34,1.358000,1.398000,1.232000,1.308000,-9.000000,0.000000,0.012730,0.012557,0.013970,0.009659,0.012579,0.011962,0.014358,0.009865,-0.005683,0.875718,-0.213514,0.803709,0.013451,0.008262,0.000101,0.003385,0.018424,0.139552,0.406645,0.00083,6.00E-005,0.48324,0.01997,0.05099,0.00224,0.00234,0.00012,0.0014,7.00E-005,0.33956,0.01455,0.0411,0.00161,0.04059,0.00133,0.99518,0.00127,0.51313,0.04475,0.00343,0.00247,0.37765,0.0373,0.01999,0.99282,0.00589,0.00262,0.45068,0.04379,0.00089,0.00177,0.34713,0.03126,0.09314,0.02281,0.98881,0.00461,0.40088,0.00118,0.41507,0.17826,0.99421
Ostrea_edulisMED,Ostrea_chilensis,1,1,invertebrate,mollusca,marine,0.0315,34,0.769000,1.320000,0.007000,0.085000,-8.300000,3.516000,0.008036,0.010449,0.005792,0.009195,0.008245,0.010673,0.005704,0.009000,-0.113615,0.612840,0.077936,0.722023,0.074258,0.053258,0.067344,0.052621,0.825664,0.184794,0.126801,0.0172,0.1203,1.00E-005,6.00E-005,0.00116,0.0031,0.13532,0.16672,0.232,0.31999,6.00E-005,0.00023,0.00076,0.00306,1.00E-005,1.00E-005,0.00846,0.03773,3.00E-005,0.00262,0.36512,0.5915,0.00016,0.00284,0,0.00565,0.01295,0.25101,0.00041,0.00041,0.25954,0.47407,0.00041,0.00041,0.00041,0.00041,0.00246,0.1484,0.00012,0.85125,0.00012,0.00012,0.00036
Parus_caeruleusCOR,Parus_caeruleusCON,0,1,vertebrate,sauropsida,continental,11.5,14.6,1.044000,0.993000,0.913000,0.948000,-9.000000,0.000000,0.013575,0.013989,0.013603,0.010535,0.013505,0.014358,0.013752,0.010238,0.033250,0.855303,-0.135132,0.772650,0.014359,0.009124,0.000770,0.003820,0.032871,0.140101,0.106369,0.0111,0.00059,0.46685,0.01946,0.04844,0.00314,0.01245,0.00071,0.00471,0.00046,0.32791,0.01439,0.03898,0.00204,0.04756,0.00119,0.96996,0.00571,0.48755,0.07015,0.01211,0.00484,0.34028,0.05734,0.02203,0.97735,0.00087,0.00141,0.72925,0.03114,0.00304,0.00379,0.19992,0.02544,0.00405,0.0011,0.9909,0.0034,0.75037,0.003,0.23165,0.01158,0.9936
Pectinaria_koreniSUD,Pectinaria_koreniNOR,0,1,invertebrate,annelida,marine,0.0063,1.42,1.000000,1.075000,0.108000,0.359000,-5.277000,7.305000,0.027668,0.023607,0.008685,0.008979,0.028193,0.024889,0.008977,0.009336,-0.122944,0.696535,-0.150685,0.626286,0.080306,0.042799,0.062130,0.041310,0.628251,0.210213,0.320878,0.02419,0.0055,0,0,2.00E-005,2.00E-005,0.48082,0.18877,0.23652,0.06362,1.00E-005,1.00E-005,0.00042,1.00E-004,0,0,0.00058,0.03222,1.00E-005,0.00074,0.59362,0.37199,2.00E-005,0.00139,0,0.00216,0.12705,0.05643,0.00015,0.00015,0.71355,0.10206,0.00015,0.00015,0.00015,0.00015,9.00E-004,0.05912,7.00E-005,0.94068,7.00E-005,7.00E-005,0.00021
Physa_acuta,Physa_gyrina,1,1,invertebrate,mollusca,continental,0.05,1.5,2.600218,3.824429,0.163399,0.489241,0.945534,12.917627,0.030557,0.029727,0.017178,0.021004,0.030692,0.029868,0.016625,0.020533,-0.022461,0.731436,0.289649,0.892632,0.148672,0.096306,0.124805,0.090731,0.750828,0.168962,0.406591,0.00084,0.00746,0,0,1.00E-005,4.00E-005,0.02651,0.77613,0.0166,0.17231,0,0,2.00E-005,9.00E-005,0,0,0.00016,0.00409,0,0.00073,0.23238,0.7622,2.00E-005,0.00057,0,0.00132,0.00171,0.01081,3.00E-005,3.00E-005,0.00987,0.97743,3.00E-005,3.00E-005,3.00E-005,3.00E-005,0.00018,0.01488,4.00E-005,0.98501,4.00E-005,4.00E-005,0.00012
Reticulitermes_grassei,Reticulitermes_flavipes,1,1,invertebrate,insecta,continental,4.75,30,1.103000,1.502000,0.007000,0.084000,-8.491000,2.870000,0.001071,0.002667,0.003328,0.005199,0.001072,0.002599,0.003256,0.004980,-0.014395,0.487847,0.082529,0.797313,0.027076,0.081580,0.024877,0.081629,0.814075,0.207148,0.048305,0.00599,0.04082,0.00012,0.00017,0.04265,0.01362,0.43926,0.08728,0.19572,0.06094,0.00018,0.00043,0.08247,0.03026,4.00E-005,4.00E-005,0.16998,0.00169,1.00E-004,0.00735,0.77388,0.1979,0.00022,0.01885,0,0.02652,0.00026,0.17088,0.00026,0.00026,0.0853,0.74007,0.00026,0.00218,0.00026,0.00026,0.00348,0.01626,0.01711,0.96637,0.00016,9.00E-005,0.01736
rhomboidalis,rubrigularis,1,0,vertebrate,sauropsida,continental,NA,NA,16.000000,8.165000,1.143000,2.035000,-9.000000,0.000000,0.007216,0.007948,0.017920,0.015430,0.006949,0.005456,0.018260,0.007433,-0.170900,0.826391,-0.380409,1.032841,0.017783,0.013212,0.005216,0.003696,0.286569,0.087479,0.917442,0.1006,0.03301,4.00E-005,0.00012,0.00509,0.0038,0.3347,0.10051,0.32552,0.08858,7.00E-005,0.00017,0.00438,0.00342,0,0,0.01709,0.10233,7.00E-005,0.00587,0.4728,0.41421,1.00E-004,0.00463,0,0.01067,0.11595,0.02937,0.00024,0.00021,0.65665,0.19649,6.00E-004,0.00029,1.00E-004,1.00E-004,0.00154,0.08398,0.00036,0.91407,0.00149,9.00E-005,0.00194
Sepia_officinalisBRE,Sepia_officinalisITA,0,1,invertebrate,mollusca,marine,2,2,0.895000,0.994000,0.271000,0.647000,-9.000000,0.000000,0.006418,0.006226,0.004815,0.006153,0.006517,0.006392,0.004787,0.005946,-0.040711,0.837006,-0.034254,0.778734,0.011112,0.008380,0.005496,0.007154,0.309167,0.274679,-0.157935,0.00105,0.00035,0.03433,0.01249,0.50214,0.06249,0.00509,0.00171,0.00078,0.00088,0.01848,0.0093,0.30596,0.04478,5.00E-005,0.00012,0.99014,0.00227,0.06384,0.45813,0.05957,0.01679,0.04936,0.35004,0,0.92137,0.00126,0.02872,0.46272,0.16808,0.01004,0.01555,0.14503,0.16809,0.00025,0.00025,0.94442,0.01868,0.59228,0.14112,0.24731,0.00061,0.8402
Sepia_officinalisSET,Sepia_officinalisBRE,0,1,invertebrate,mollusca,marine,2,2,0.872000,1.155000,0.822000,1.391000,-9.000000,0.000000,0.007421,0.007282,0.006617,0.006620,0.007334,0.007080,0.006786,0.006753,0.091474,0.934676,-0.105257,0.780676,0.010754,0.007904,0.003735,0.006499,0.213888,0.276181,0.376412,0.00372,0.00035,0.13685,0.06619,0.36126,0.04014,0.01583,0.00534,0.00088,0.00084,0.04987,0.03929,0.23306,0.02556,0.00943,0.0114,0.97305,0.00158,0.07438,0.47228,0.02852,0.00431,0.04732,0.37154,6.00E-005,0.96558,0.00022,0.03073,0.22294,0.22026,0.05705,0.28107,0.08555,0.10173,0.00022,0.00022,0.63092,0.01421,0.4622,0.29784,0.18951,0.03623,0.68794
Sepia_officinalisSET,Sepia_officinalisITA,0,1,invertebrate,mollusca,marine,2,2,0.735000,1.000000,0.480000,0.826000,-9.000000,0.000000,0.007527,0.006521,0.004759,0.006268,0.007493,0.006368,0.004767,0.006116,0.047642,0.955322,-0.049030,0.752452,0.008345,0.005936,0.002202,0.004607,0.138141,0.219280,-0.250303,0.00034,7.00E-004,0.47298,0.04201,0.02639,0.01253,0.02051,0.00146,0.00072,0.00091,0.34641,0.04083,0.02178,0.01241,1.00E-005,0,0.97535,0.00106,0.45215,0.04937,0.0545,0.0028,0.38499,0.05512,2.00E-005,0.94165,3.00E-004,0.04659,0.09967,0.11328,0.44766,0.08357,0.09034,0.118,3.00E-004,3.00E-004,0.42189,0.00028,0.4089,0.43475,0.15433,0.00174,0.56497
Thymelicus_sylvestris,Thymelicus_lineola,1,1,invertebrate,insecta,continental,0.0835,1,6.371000,6.634000,0.226000,0.588000,8.839000,15.024000,0.022367,0.020516,0.029002,0.022792,0.022425,0.020537,0.029084,0.022783,-0.021079,0.734717,-0.015798,0.770648,0.195182,0.083778,0.169497,0.079386,0.785170,0.122734,0.189326,0.02856,0.0089,0,0,1.00E-005,2.00E-005,0.25166,0.25909,0.19749,0.25416,1.00E-005,1.00E-005,2.00E-005,6.00E-005,0,0,0.00013,0.05139,0,0.00113,0.29771,0.6464,0.00019,0.00317,0,0.00449,0.07651,0.00127,1.00E-004,1.00E-004,0.67173,0.24989,1.00E-004,1.00E-004,1.00E-004,1.00E-004,6.00E-004,0.05084,7.00E-005,0.94896,7.00E-005,7.00E-005,0.00021
